System Time,RDTSC,Elapsed Time (sec), CPU Utilization(%),CPU Frequency_0(MHz),Processor Power_0(Watt),Cumulative Processor Energy_0(Joules),Cumulative Processor Energy_0(mWh),IA Power_0(Watt),Cumulative IA Energy_0(Joules),Cumulative IA Energy_0(mWh),Package Temperature_0(C),Package Hot_0,DRAM Power_0(Watt),Cumulative DRAM Energy_0(Joules),Cumulative DRAM Energy_0(mWh),GT Power_0(Watt),Cumulative GT Energy_0(Joules),Cumulative GT Energy_0(mWh),Package PL1_0(Watt),Package PL2_0(Watt),Package PL4_0(Watt),Platform PsysPL1_0(Watt),Platform PsysPL2_0(Watt),GT Frequency(MHz),GT Utilization(%)
09:53:24:731, 345284011094800,    0.495,   14.000,  800,  14.502,   7.182,   1.995,  10.556,   5.227,   1.452, 39,  0,   1.508,   0.747,   0.207,   2.326,   1.152,   0.320, 107.000, 107.000, 163.000,   0.000,   0.000,  373,  74.087
09:53:25:113, 345285002087266,    0.878,   12.000, 3500,  15.640,  13.161,   3.656,  11.794,   9.737,   2.705, 54,  0,   1.471,   1.309,   0.364,   2.233,   2.006,   0.557, 107.000, 107.000, 163.000,   0.000,   0.000,  365,  65.068
09:53:25:433, 345285835989576,    1.199,   12.000, 3600,  16.701,  18.535,   5.148,  12.917,  13.892,   3.859, 50,  0,   1.482,   1.786,   0.496,   2.211,   2.717,   0.755, 107.000, 107.000, 163.000,   0.000,   0.000,  326,  53.192
09:53:25:671, 345286457730192,    1.439,   12.000, 3600,  17.046,  22.623,   6.284,  12.986,  17.007,   4.724, 54,  0,   1.460,   2.136,   0.593,   2.432,   3.300,   0.917, 107.000, 107.000, 163.000,   0.000,   0.000,  365,  70.706
09:53:25:897, 345287036554534,    1.662,   13.000, 3500,  16.921,  26.402,   7.334,  13.010,  19.912,   5.531, 50,  0,   1.532,   2.478,   0.688,   2.300,   3.814,   1.059, 107.000, 107.000, 163.000,   0.000,   0.000,  351,  56.019
09:53:26:074, 345287510611190,    1.845,   12.000, 3600,  16.919,  29.496,   8.193,  12.844,  22.261,   6.184, 48,  0,   1.508,   2.754,   0.765,   2.475,   4.267,   1.185, 107.000, 107.000, 163.000,   0.000,   0.000,  416,  50.506
09:53:26:250, 345287953344100,    2.016,   12.000, 3600,  17.132,  32.423,   9.006,  13.140,  24.506,   6.807, 53,  0,   1.547,   3.018,   0.838,   2.316,   4.662,   1.295, 107.000, 107.000, 163.000,   0.000,   0.000,  321,  71.660
09:53:26:387, 345288305830788,    2.152,   16.000, 3600,  17.027,  34.738,   9.649,  13.004,  26.274,   7.298, 51,  0,   1.425,   3.212,   0.892,   2.434,   4.993,   1.387, 107.000, 107.000, 163.000,   0.000,   0.000,  409,  56.079
09:53:26:534, 345288685711032,    2.299,   13.000, 3600,  18.066,  37.386,  10.385,  14.339,  28.376,   7.882, 48,  0,   1.486,   3.430,   0.953,   2.043,   5.293,   1.470, 107.000, 107.000, 163.000,   0.000,   0.000,  307,  65.143
09:53:26:636, 345288963032506,    2.406,   10.000, 3600,  16.544,  39.156,  10.877,  12.789,  29.744,   8.262, 47,  0,   1.476,   3.588,   0.997,   2.149,   5.523,   1.534, 107.000, 107.000, 163.000,   0.000,   0.000,  343,  14.626
09:53:26:715, 345289154475921,    2.480,   14.000,  900,  13.052,  40.120,  11.144,   8.653,  30.383,   8.440, 41,  0,   1.527,   3.700,   1.028,   2.753,   5.726,   1.591, 107.000, 107.000, 163.000,   0.000,   0.000,  434,   2.271
09:53:26:836, 345289466519889,    2.600,   10.000, 2800,   8.841,  41.184,  11.440,   5.128,  31.001,   8.611, 39,  0,   1.420,   3.871,   1.075,   2.149,   5.985,   1.662, 107.000, 107.000, 163.000,   0.000,   0.000,  398,  67.250
09:53:26:941, 345289739277570,    2.705,   11.000, 2600,  15.083,  42.771,  11.881,  11.411,  32.201,   8.945, 41,  0,   1.570,   4.036,   1.121,   1.991,   6.194,   1.721, 107.000, 107.000, 163.000,   0.000,   0.000,  319,  69.119
09:53:27:046, 345290010691636,    2.810,   13.000,  900,  15.571,  44.402,  12.334,  11.362,  33.391,   9.275, 43,  0,   1.469,   4.190,   1.164,   2.602,   6.467,   1.796, 107.000, 107.000, 163.000,   0.000,   0.000,  423,  68.402
09:53:27:166, 345290333100232,    2.934,   12.000, 3600,  14.372,  46.190,  12.830,  10.713,  34.724,   9.645, 51,  0,   1.417,   4.367,   1.213,   2.165,   6.736,   1.871, 107.000, 107.000, 163.000,   0.000,   0.000,  396,  65.385
09:53:27:277, 345290627916732,    3.048,   13.000, 3600,  16.711,  48.090,  13.358,  13.120,  36.216,  10.060, 52,  0,   1.465,   4.533,   1.259,   1.966,   6.960,   1.933, 107.000, 107.000, 163.000,   0.000,   0.000,  301,  70.159
09:53:27:372, 345290854870794,    3.136,   14.000, 2600,  17.812,  49.650,  13.792,  13.296,  37.380,  10.383, 47,  0,   1.614,   4.674,   1.298,   2.781,   7.203,   2.001, 107.000, 107.000, 163.000,   0.000,   0.000,  343,  70.144
09:53:27:492, 345291167588273,    3.256,   18.000, 2800,  15.154,  51.478,  14.300,  11.149,  38.725,  10.757, 43,  0,   1.450,   4.849,   1.347,   2.447,   7.498,   2.083, 107.000, 107.000, 163.000,   0.000,   0.000,  431,  59.780
09:53:27:607, 345291464534304,    3.371,   19.000, 3000,  19.249,  53.684,  14.912,  15.219,  40.469,  11.241, 49,  0,   1.596,   5.032,   1.398,   2.336,   7.766,   2.157, 107.000, 107.000, 163.000,   0.000,   0.000,  416,  64.749
09:53:27:716, 345291751506298,    3.481,   19.000, 3600,  21.323,  56.044,  15.568,  17.450,  42.401,  11.778, 53,  0,   1.619,   5.212,   1.448,   2.104,   7.999,   2.222, 107.000, 107.000, 163.000,   0.000,   0.000,  343,  78.028
09:53:27:820, 345292017403589,    3.584,   19.000, 2600,  20.925,  58.191,  16.164,  16.885,  44.133,  12.259, 49,  0,   1.662,   5.382,   1.495,   2.391,   8.244,   2.290, 107.000, 107.000, 163.000,   0.000,   0.000,  336,  67.875
09:53:27:943, 345292338772580,    3.708,   25.000, 3100,  20.536,  60.737,  16.871,  16.542,  46.184,  12.829, 48,  0,   1.674,   5.590,   1.553,   2.286,   8.528,   2.369, 107.000, 107.000, 163.000,   0.000,   0.000,  393,  64.374
09:53:28:093, 345292724556410,    3.857,   28.000, 2700,  20.801,  63.833,  17.731,  16.652,  48.662,  13.517, 45,  0,   1.745,   5.849,   1.625,   2.360,   8.879,   2.466, 107.000, 107.000, 163.000,   0.000,   0.000,  390,  66.103
09:53:28:270, 345293185630806,    4.035,   20.000, 3200,  21.601,  67.675,  18.799,  17.547,  51.783,  14.384, 50,  0,   1.855,   6.179,   1.716,   2.186,   9.268,   2.574, 107.000, 107.000, 163.000,   0.000,   0.000,  388,  41.915
09:53:28:398, 345293522414492,    4.165,   21.000, 3600,  21.213,  70.432,  19.564,  17.238,  54.023,  15.006, 53,  0,   1.492,   6.373,   1.770,   2.334,   9.571,   2.659, 107.000, 107.000, 163.000,   0.000,   0.000,  410,  58.558
09:53:28:552, 345293917812296,    4.317,   19.000, 3100,  20.497,  73.558,  20.433,  16.645,  56.562,  15.712, 49,  0,   1.546,   6.609,   1.836,   2.247,   9.913,   2.754, 107.000, 107.000, 163.000,   0.000,   0.000,  399,  57.946
09:53:28:694, 345294285997388,    4.459,   24.000, 2600,  20.404,  76.457,  21.238,  16.154,  58.857,  16.349, 50,  0,   1.570,   6.832,   1.898,   2.570,  10.279,   2.855, 107.000, 107.000, 163.000,   0.000,   0.000,  405,  28.804
09:53:28:791, 345294539367186,    4.557,   21.000, 3500,  20.119,  78.423,  21.784,  16.771,  60.496,  16.805, 47,  0,   1.759,   7.004,   1.946,   1.479,  10.423,   2.895, 107.000, 107.000, 163.000,   0.000,   0.000,  231,  18.290
09:53:28:823, 345294625759716,    4.590,   14.000, 3500,  21.101,  79.127,  21.980,  16.684,  61.052,  16.959, 50,  0,   1.611,   7.058,   1.960,   2.822,  10.517,   2.921, 107.000, 107.000, 163.000,   0.000,   0.000,  363,   9.735
09:53:28:927, 345294888449732,    4.692,   19.000, 3500,  15.975,  80.745,  22.429,  11.981,  62.267,  17.296, 47,  0,   1.572,   7.217,   2.005,   2.172,  10.737,   2.983, 107.000, 107.000, 163.000,   0.000,   0.000,  361,  25.886
09:53:29:041, 345295183300305,    4.805,   19.000, 2800,  16.610,  82.635,  22.954,  12.672,  63.708,  17.697, 44,  0,   1.599,   7.399,   2.055,   2.262,  10.995,   3.054, 107.000, 107.000, 163.000,   0.000,   0.000,  420,  30.474
09:53:29:145, 345295450428060,    4.909,   16.000, 2700,  19.752,  84.670,  23.520,  16.073,  65.365,  18.157, 49,  0,   1.632,   7.567,   2.102,   1.877,  11.188,   3.108, 107.000, 107.000, 163.000,   0.000,   0.000,  290,  30.248
09:53:29:257, 345295743192391,    5.021,   21.000, 2300,  20.272,  86.960,  24.156,  13.811,  66.925,  18.590, 46,  0,   1.800,   7.771,   2.158,   4.638,  11.712,   3.253, 107.000, 107.000, 163.000,   0.000,   0.000,  606,  28.073
09:53:29:379, 345296061448584,    5.144,   24.000, 2400,  19.878,  89.401,  24.834,  12.287,  68.433,  19.009, 47,  0,   1.636,   7.971,   2.214,   5.974,  12.445,   3.457, 107.000, 107.000, 163.000,   0.000,   0.000,  930,  33.454
09:53:29:584, 345296592046158,    5.349,   30.000, 2600,  20.202,  93.536,  25.982,  11.273,  70.741,  19.650, 44,  0,   1.889,   8.358,   2.322,   7.041,  13.887,   3.857, 107.000, 107.000, 163.000,   0.000,   0.000,  938,  60.840
09:53:29:937, 345297510108452,    5.703,   17.000, 2500,  20.838, 100.917,  28.032,  11.972,  74.981,  20.828, 46,  0,   1.870,   9.021,   2.506,   7.026,  16.375,   4.549, 107.000, 107.000, 163.000,   0.000,   0.000,  989,  44.575
09:53:30:401, 345298724039498,    6.172,   17.000, 3500,  19.576, 110.085,  30.579,  10.194,  79.755,  22.154, 45,  0,   1.758,   9.844,   2.734,   7.609,  19.939,   5.538, 107.000, 107.000, 163.000,   0.000,   0.000,  997,  46.583
09:53:30:835, 345299840866436,    6.602,   15.000, 3300,  19.657, 118.555,  32.932,  10.765,  84.394,  23.443, 46,  0,   1.719,  10.584,   2.940,   7.122,  23.007,   6.391, 107.000, 107.000, 163.000,   0.000,   0.000,  970,  47.810
09:53:31:255, 345300923988094,    7.020,   16.000, 2700,  19.535, 126.718,  35.199,  10.470,  88.769,  24.658, 51,  0,   1.717,  11.302,   3.139,   7.278,  26.049,   7.236, 107.000, 107.000, 163.000,   0.000,   0.000,  976,  45.813
09:53:31:723, 345302151138902,    7.494,   16.000, 2800,  19.014, 135.720,  37.700,   9.798,  93.408,  25.947, 46,  0,   1.778,  12.144,   3.373,   7.401,  29.552,   8.209, 107.000, 107.000, 163.000,   0.000,   0.000,  964,  54.303
09:53:32:138, 345303216066800,    7.905,   14.000, 3300,  19.264, 143.634,  39.898,  10.997,  97.926,  27.202, 48,  0,   1.724,  12.852,   3.570,   6.496,  32.222,   8.950, 107.000, 107.000, 163.000,   0.000,   0.000,  934,  47.675
09:53:32:538, 345304262331094,    8.308,   14.000, 2600,  19.431, 151.478,  42.077,  11.374, 102.517,  28.477, 44,  0,   1.679,  13.529,   3.758,   6.349,  34.784,   9.662, 107.000, 107.000, 163.000,   0.000,   0.000,  910,  53.854
09:53:32:931, 345305281246328,    8.701,   14.000, 3000,  19.157, 159.008,  44.169,  11.603, 107.078,  29.744, 47,  0,   1.748,  14.216,   3.949,   5.775,  37.054,  10.293, 107.000, 107.000, 163.000,   0.000,   0.000,  866,  52.036
09:53:33:330, 345306299212732,    9.094,   14.000, 3400,  18.513, 166.279,  46.189,  11.795, 111.710,  31.031, 45,  0,   1.588,  14.840,   4.122,   5.022,  39.026,  10.841, 107.000, 107.000, 163.000,   0.000,   0.000,  842,  46.470
09:53:33:705, 345307273206218,    9.470,   14.000, 2900,  18.545, 173.247,  48.124,  11.760, 116.129,  32.258, 47,  0,   1.699,  15.479,   4.300,   5.025,  40.915,  11.365, 107.000, 107.000, 163.000,   0.000,   0.000,  825,  47.127
09:53:34:081, 345308251647978,    9.847,   13.000, 3600,  18.465, 180.218,  50.060,  12.201, 120.735,  33.537, 54,  0,   1.695,  16.119,   4.477,   4.542,  42.629,  11.841, 107.000, 107.000, 163.000,   0.000,   0.000,  776,  47.745
09:53:34:466, 345309251159170,   10.233,   16.000, 3400,  18.091, 187.194,  51.998,  12.060, 125.385,  34.829, 48,  0,   1.683,  16.768,   4.658,   4.273,  44.277,  12.299, 107.000, 107.000, 163.000,   0.000,   0.000,  716,  61.575
09:53:34:841, 345310226940034,   10.609,   14.000, 3500,  17.433, 193.756,  53.821,  13.138, 130.331,  36.203, 46,  0,   1.616,  17.376,   4.827,   2.607,  45.258,  12.572, 107.000, 107.000, 163.000,   0.000,   0.000,  374,  50.759
09:53:35:108, 345310922285792,   10.878,   12.000, 3400,  17.662, 198.495,  55.137,  13.135, 133.855,  37.182, 51,  0,   1.645,  17.817,   4.949,   2.780,  46.004,  12.779, 107.000, 107.000, 163.000,   0.000,   0.000,  414,  59.839
09:53:35:337, 345311510318249,   11.104,   12.000, 3600,  16.618, 202.265,  56.185,  12.129, 136.606,  37.946, 49,  0,   1.629,  18.187,   5.052,   2.780,  46.635,  12.954, 107.000, 107.000, 163.000,   0.000,   0.000,  414,  44.235
09:53:35:489, 345311898615046,   11.254,   14.000, 3500,  17.271, 204.852,  56.903,  12.574, 138.490,  38.469, 52,  0,   1.699,  18.441,   5.123,   2.997,  47.084,  13.079, 107.000, 107.000, 163.000,   0.000,   0.000,  461,  71.352
09:53:35:625, 345312249651098,   11.390,   12.000, 3600,  16.905, 207.141,  57.539,  12.901, 140.237,  38.955, 52,  0,   1.500,  18.645,   5.179,   2.334,  47.400,  13.167, 107.000, 107.000, 163.000,   0.000,   0.000,  348,  53.372
09:53:35:715, 345312502265402,   11.487,   13.000, 3600,  16.899, 208.788,  57.997,  12.648, 141.470,  39.297, 53,  0,   1.579,  18.799,   5.222,   2.641,  47.657,  13.238, 107.000, 107.000, 163.000,   0.000,   0.000,  390,  32.834
09:53:35:787, 345312668009895,   11.551,   12.000, 2600,  16.147, 209.821,  58.284,  12.398, 142.263,  39.517, 45,  0,   1.738,  18.910,   5.253,   1.976,  47.784,  13.273, 107.000, 107.000, 163.000,   0.000,   0.000,  321,  17.182
09:53:35:891, 345312937610147,   11.655,   15.000,  900,   8.251, 210.679,  58.522,   4.842, 142.766,  39.657, 40,  0,   1.370,  19.052,   5.292,   1.806,  47.972,  13.325, 107.000, 107.000, 163.000,   0.000,   0.000,  289,   3.422
09:53:36:004, 345313229249689,   11.768,   12.000, 2700,  13.474, 212.195,  58.943,   8.873, 143.764,  39.935, 41,  0,   1.681,  19.241,   5.345,   2.832,  48.290,  13.414, 107.000, 107.000, 163.000,   0.000,   0.000,  436,  25.118
09:53:36:116, 345313520090702,   11.880,   11.000, 2600,  11.795, 213.519,  59.311,   7.759, 144.635,  40.176, 42,  0,   1.633,  19.424,   5.396,   2.354,  48.554,  13.487, 107.000, 107.000, 163.000,   0.000,   0.000,  373,  34.929
09:53:36:221, 345313794355799,   11.986,   11.000, 2600,  12.521, 214.844,  59.679,   8.673, 145.553,  40.431, 41,  0,   1.528,  19.586,   5.441,   2.205,  48.788,  13.552, 107.000, 107.000, 163.000,   0.000,   0.000,  344,  44.412
09:53:36:325, 345314063364878,   12.089,   11.000, 2200,  12.146, 216.104,  60.029,   8.788, 146.465,  40.685, 41,  0,   1.383,  19.730,   5.480,   1.869,  48.982,  13.606, 107.000, 107.000, 163.000,   0.000,   0.000,  302,  43.908
09:53:36:439, 345314357770352,   12.203,    9.000, 2900,  10.537, 217.301,  60.361,   6.563, 147.210,  40.892, 41,  0,   1.608,  19.912,   5.531,   2.213,  49.233,  13.676, 107.000, 107.000, 163.000,   0.000,   0.000,  374,  54.526
09:53:36:543, 345314628478454,   12.307,   12.000, 2800,  12.941, 218.652,  60.737,   9.242, 148.176,  41.160, 42,  0,   1.443,  20.063,   5.573,   2.101,  49.452,  13.737, 107.000, 107.000, 163.000,   0.000,   0.000,  347,  59.460
09:53:36:668, 345314950609452,   12.432,   10.000, 2600,  13.027, 220.271,  61.186,   9.294, 149.331,  41.481, 42,  0,   1.498,  20.249,   5.625,   2.123,  49.716,  13.810, 107.000, 107.000, 163.000,   0.000,   0.000,  301,  50.347
09:53:36:789, 345315264702228,   12.553,   14.000, 2600,  13.825, 221.947,  61.652,   9.596, 150.493,  41.804, 45,  0,   1.586,  20.441,   5.678,   2.587,  50.030,  13.897, 107.000, 107.000, 163.000,   0.000,   0.000,  400,  41.533
09:53:36:902, 345315557939949,   12.666,   11.000, 1600,  12.520, 223.363,  62.045,   8.687, 151.476,  42.077, 41,  0,   1.695,  20.633,   5.731,   2.088,  50.266,  13.963, 107.000, 107.000, 163.000,   0.000,   0.000,  337,  43.158
09:53:37:067, 345315996772016,   12.835,   12.000, 3600,  14.556, 225.827,  62.730,  10.929, 153.327,  42.591, 46,  0,   1.389,  20.868,   5.797,   2.128,  50.626,  14.063, 107.000, 107.000, 163.000,   0.000,   0.000,  346,  67.028
09:53:37:193, 345316319677138,   12.960,   13.000, 3600,  15.873, 227.805,  63.279,  11.524, 154.762,  42.989, 51,  0,   1.717,  21.082,   5.856,   2.525,  50.941,  14.150, 107.000, 107.000, 163.000,   0.000,   0.000,  374,  48.535
09:53:37:263, 345316513906918,   13.035,   10.000, 3600,  16.737, 229.059,  63.628,  13.220, 155.753,  43.265, 52,  0,   1.342,  21.183,   5.884,   1.961,  51.088,  14.191, 107.000, 107.000, 163.000,   0.000,   0.000,  287,  54.408
09:53:37:336, 345316683220148,   13.100,   12.000, 2800,  14.518, 230.007,  63.891,  11.075, 156.476,  43.466, 43,  0,   1.484,  21.280,   5.911,   1.873,  51.210,  14.225, 107.000, 107.000, 163.000,   0.000,   0.000,  352,   3.947
09:53:37:446, 345316967105632,   13.210,   11.000, 1000,   8.644, 230.954,  64.154,   4.638, 156.984,  43.607, 41,  0,   1.374,  21.430,   5.953,   2.392,  51.472,  14.298, 107.000, 107.000, 163.000,   0.000,   0.000,  490,   0.515
09:53:37:551, 345317240715782,   13.315,   10.000, 2700,  11.618, 232.180,  64.495,   8.015, 157.830,  43.842, 43,  0,   1.507,  21.589,   5.997,   2.116,  51.695,  14.360, 107.000, 107.000, 163.000,   0.000,   0.000,  324,  61.977
09:53:37:664, 345317532787267,   13.428,   10.000, 2700,  13.961, 233.754,  64.932,  10.008, 158.958,  44.155, 41,  0,   1.527,  21.761,   6.045,   2.219,  51.945,  14.429, 107.000, 107.000, 163.000,   0.000,   0.000,  347,  16.396
09:53:37:769, 345317805337905,   13.533,   11.000, 2700,  10.613, 234.870,  65.242,   7.183, 159.713,  44.365, 41,  0,   1.532,  21.922,   6.090,   1.802,  52.135,  14.482, 107.000, 107.000, 163.000,   0.000,   0.000,  305,  19.678
09:53:37:873, 345318074906463,   13.637,   11.000, 1700,  10.746, 235.987,  65.552,   6.778, 160.418,  44.561, 42,  0,   1.531,  22.082,   6.134,   2.311,  52.375,  14.549, 107.000, 107.000, 163.000,   0.000,   0.000,  438,  12.372
09:53:37:993, 345318384632221,   13.757,   11.000, 2800,  12.550, 237.487,  65.969,   8.471, 161.430,  44.842, 41,  0,   1.457,  22.256,   6.182,   2.432,  52.666,  14.629, 107.000, 107.000, 163.000,   0.000,   0.000,  433,  22.368
09:53:38:097, 345318654361117,   13.861,   12.000, 2700,  13.941, 238.938,  66.372,  10.547, 162.528,  45.147, 42,  0,   1.532,  22.415,   6.226,   1.767,  52.850,  14.680, 107.000, 107.000, 163.000,   0.000,   0.000,  293,  24.647
09:53:38:201, 345318924725702,   13.965,    9.000, 2300,  10.810, 240.065,  66.685,   6.929, 163.251,  45.347, 41,  0,   1.446,  22.566,   6.268,   2.311,  53.091,  14.747, 107.000, 107.000, 163.000,   0.000,   0.000,  437,  15.334
09:53:38:321, 345319235310497,   14.085,   12.000, 2600,  12.148, 241.521,  67.089,   8.129, 164.225,  45.618, 41,  0,   1.431,  22.738,   6.316,   2.430,  53.382,  14.828, 107.000, 107.000, 163.000,   0.000,   0.000,  431,  28.114
09:53:38:432, 345319524835695,   14.196,   12.000,  900,  12.643, 242.933,  67.481,   9.132, 165.245,  45.901, 41,  0,   1.516,  22.907,   6.363,   1.870,  53.591,  14.886, 107.000, 107.000, 163.000,   0.000,   0.000,  306,  37.672
09:53:38:537, 345319794734886,   14.301,   11.000, 3000,  10.357, 244.011,  67.781,   6.563, 165.928,  46.091, 41,  0,   1.470,  23.060,   6.406,   2.202,  53.820,  14.950, 107.000, 107.000, 163.000,   0.000,   0.000,  387,  42.299
09:53:38:642, 345320067154129,   14.406,   10.000, 2700,  12.936, 245.371,  68.159,   9.075, 166.882,  46.356, 41,  0,   1.448,  23.212,   6.448,   2.278,  54.059,  15.016, 107.000, 107.000, 163.000,   0.000,   0.000,  425,  37.632
09:53:38:753, 345320355497398,   14.517,    9.000, 2700,  12.573, 246.770,  68.547,   9.284, 167.915,  46.643, 41,  0,   1.434,  23.372,   6.492,   1.723,  54.251,  15.070, 107.000, 107.000, 163.000,   0.000,   0.000,  288,  37.243
09:53:38:857, 345320624757668,   14.621,    9.000, 2700,  12.518, 248.070,  68.908,   9.084, 168.858,  46.905, 41,  0,   1.528,  23.530,   6.536,   1.782,  54.436,  15.121, 107.000, 107.000, 163.000,   0.000,   0.000,  301,  39.618
09:53:38:968, 345320914294818,   14.733,   17.000, 2000,  11.814, 249.390,  69.275,   8.222, 169.777,  47.160, 42,  0,   1.565,  23.705,   6.585,   1.927,  54.651,  15.181, 107.000, 107.000, 163.000,   0.000,   0.000,  317,  44.159
09:53:39:089, 345321226293578,   14.853,   11.000, 2800,  12.139, 250.851,  69.681,   8.148, 170.758,  47.433, 41,  0,   1.564,  23.893,   6.637,   2.340,  54.933,  15.259, 107.000, 107.000, 163.000,   0.000,   0.000,  421,  56.792
09:53:39:209, 345321542797860,   14.975,   13.000, 3500,  15.327, 252.722,  70.201,  11.365, 172.145,  47.818, 54,  0,   1.510,  24.078,   6.688,   2.416,  55.228,  15.341, 107.000, 107.000, 163.000,   0.000,   0.000,  417,  58.000
09:53:39:329, 345321851755642,   15.094,   12.000, 3600,  15.891, 254.617,  70.727,  12.284, 173.609,  48.225, 53,  0,   1.476,  24.254,   6.737,   2.002,  55.467,  15.407, 107.000, 107.000, 163.000,   0.000,   0.000,  295,  62.015
09:53:39:421, 345322095593816,   15.188,   15.000, 3600,  16.606, 256.179,  71.161,  12.441, 174.780,  48.550, 49,  0,   1.416,  24.387,   6.774,   2.611,  55.713,  15.476, 107.000, 107.000, 163.000,   0.000,   0.000,  422,  68.288
09:53:39:517, 345322344334372,   15.284,   13.000, 3600,  16.984, 257.809,  71.613,  13.070, 176.034,  48.898, 52,  0,   1.393,  24.521,   6.811,   2.349,  55.938,  15.538, 107.000, 107.000, 163.000,   0.000,   0.000,  407,  53.260
09:53:39:630, 345322628488092,   15.394,   15.000,  900,  15.711, 259.531,  72.092,  11.785, 177.326,  49.257, 43,  0,   1.563,  24.692,   6.859,   2.187,  56.178,  15.605, 107.000, 107.000, 163.000,   0.000,   0.000,  321,  52.843
09:53:39:735, 345322900403548,   15.499,   13.000, 2800,  12.253, 260.816,  72.449,   8.424, 178.210,  49.503, 46,  0,   1.410,  24.840,   6.900,   2.280,  56.417,  15.671, 107.000, 107.000, 163.000,   0.000,   0.000,  421,  47.890
09:53:39:849, 345323196480870,   15.613,   10.000, 3200,  15.294, 262.563,  72.934,  11.185, 179.487,  49.858, 43,  0,   1.566,  25.019,   6.950,   2.417,  56.693,  15.748, 107.000, 107.000, 163.000,   0.000,   0.000,  424,  44.894
09:53:39:969, 345323512746274,   15.735,   13.000, 2800,  14.192, 264.295,  73.415,  10.431, 180.760,  50.211, 44,  0,   1.546,  25.207,   7.002,   2.119,  56.952,  15.820, 107.000, 107.000, 163.000,   0.000,   0.000,  315,  55.606
09:53:40:067, 345323761523416,   15.831,   13.000,  900,  15.201, 265.754,  73.821,  11.232, 181.838,  50.511, 43,  0,   1.456,  25.347,   7.041,   2.346,  57.177,  15.882, 107.000, 107.000, 163.000,   0.000,   0.000,  396,  65.584
09:53:40:196, 345324097526304,   15.961,   13.000, 3600,  14.726, 267.663,  74.351,  10.549, 183.206,  50.890, 54,  0,   1.532,  25.546,   7.096,   2.517,  57.503,  15.973, 107.000, 107.000, 163.000,   0.000,   0.000,  418,  62.735
09:53:40:308, 345324400636156,   16.078,   14.000, 3600,  15.492, 269.475,  74.854,  12.065, 184.616,  51.282, 49,  0,   1.437,  25.714,   7.143,   1.842,  57.718,  16.033, 107.000, 107.000, 163.000,   0.000,   0.000,  282,  65.063
09:53:40:404, 345324638560798,   16.169,   15.000, 3600,  15.424, 270.890,  75.247,  12.180, 185.734,  51.593, 49,  0,   1.387,  25.841,   7.178,   1.799,  57.884,  16.079, 107.000, 107.000, 163.000,   0.000,   0.000,  264,  60.643
09:53:40:500, 345324883076102,   16.264,   10.000, 2600,  13.752, 272.188,  75.608,  10.263, 186.703,  51.862, 41,  0,   1.431,  25.976,   7.216,   1.782,  58.052,  16.125, 107.000, 107.000, 163.000,   0.000,   0.000,  279,  51.402
09:53:40:612, 345325175303417,   16.376,   12.000, 2600,  10.357, 273.355,  75.932,   7.101, 187.503,  52.084, 42,  0,   1.415,  26.136,   7.260,   1.727,  58.246,  16.180, 107.000, 107.000, 163.000,   0.000,   0.000,  288,  44.742
09:53:40:724, 345325463473535,   16.488,   14.000,  900,  11.249, 274.606,  76.279,   7.818, 188.372,  52.326, 42,  0,   1.527,  26.305,   7.307,   1.732,  58.439,  16.233, 107.000, 107.000, 163.000,   0.000,   0.000,  300,  49.169
09:53:40:835, 345325753317911,   16.599,   11.000, 2600,  11.461, 275.888,  76.635,   8.228, 189.292,  52.581, 44,  0,   1.431,  26.466,   7.352,   1.702,  58.629,  16.286, 107.000, 107.000, 163.000,   0.000,   0.000,  254,  45.319
09:53:40:947, 345326043939240,   16.712,   12.000, 2600,  12.366, 277.274,  77.021,   8.787, 190.278,  52.855, 41,  0,   1.517,  26.636,   7.399,   1.907,  58.843,  16.345, 107.000, 107.000, 163.000,   0.000,   0.000,  299,  45.175
09:53:41:051, 345326313460072,   16.816,   11.000, 2600,  11.238, 278.443,  77.345,   7.775, 191.086,  53.079, 41,  0,   1.527,  26.794,   7.443,   1.821,  59.032,  16.398, 107.000, 107.000, 163.000,   0.000,   0.000,  301,  46.568
09:53:41:156, 345326583694501,   16.920,   10.000, 2900,  13.921, 279.894,  77.748,  10.380, 192.168,  53.380, 42,  0,   1.458,  26.946,   7.485,   1.976,  59.239,  16.455, 107.000, 107.000, 163.000,   0.000,   0.000,  298,  48.056
09:53:41:276, 345326894875870,   17.040,   11.000, 2600,  14.091, 281.586,  78.218,   9.982, 193.367,  53.713, 41,  0,   1.503,  27.127,   7.535,   2.481,  59.536,  16.538, 107.000, 107.000, 163.000,   0.000,   0.000,  415,  47.702
09:53:41:385, 345327179848696,   17.150,   13.000, 3500,  14.144, 283.141,  78.650,  10.195, 194.488,  54.024, 54,  0,   1.474,  27.289,   7.580,   2.361,  59.796,  16.610, 107.000, 107.000, 163.000,   0.000,   0.000,  404,  50.764
09:53:41:489, 345327447196857,   17.253,   10.000, 2700,  15.955, 284.786,  79.107,  12.536, 195.781,  54.383, 43,  0,   1.385,  27.432,   7.620,   1.848,  59.987,  16.663, 107.000, 107.000, 163.000,   0.000,   0.000,  269,  47.573
09:53:41:593, 345327716527237,   17.357,   12.000, 2700,  14.107, 286.252,  79.514,  10.204, 196.841,  54.678, 43,  0,   1.444,  27.582,   7.662,   2.304,  60.226,  16.729, 107.000, 107.000, 163.000,   0.000,   0.000,  421,  40.509
09:53:41:707, 345328012543180,   17.471,   10.000, 2600,  13.977, 287.848,  79.958,   9.817, 197.962,  54.989, 42,  0,   1.571,  27.761,   7.711,   2.509,  60.513,  16.809, 107.000, 107.000, 163.000,   0.000,   0.000,  423,  49.082
09:53:41:812, 345328284344434,   17.576,   11.000, 2600,  13.373, 289.251,  80.347,  10.014, 199.012,  55.281, 46,  0,   1.401,  27.908,   7.752,   1.801,  60.701,  16.862, 107.000, 107.000, 163.000,   0.000,   0.000,  275,  48.305
09:53:41:924, 345328575744922,   17.688,   13.000,  900,  13.429, 290.760,  80.767,   9.390, 200.068,  55.574, 42,  0,   1.498,  28.077,   7.799,   2.422,  60.974,  16.937, 107.000, 107.000, 163.000,   0.000,   0.000,  431,  52.761
09:53:42:093, 345329015435674,   17.858,   12.000, 3400,  13.397, 293.033,  81.398,   9.853, 201.739,  56.039, 49,  0,   1.477,  28.327,   7.869,   1.982,  61.310,  17.031, 107.000, 107.000, 163.000,   0.000,   0.000,  318,  54.950
09:53:42:213, 345329328756860,   17.979,   13.000, 3600,  16.892, 295.075,  81.965,  12.652, 203.268,  56.463, 53,  0,   1.507,  28.509,   7.919,   2.574,  61.621,  17.117, 107.000, 107.000, 163.000,   0.000,   0.000,  389,  59.594
09:53:42:317, 345329595823780,   18.082,   13.000, 3300,  17.157, 296.843,  82.456,  13.137, 204.622,  56.839, 51,  0,   1.461,  28.660,   7.961,   2.460,  61.875,  17.187, 107.000, 107.000, 163.000,   0.000,   0.000,  414,   5.487
09:53:42:398, 345329804377916,   18.162,    6.000, 3000,  15.099, 298.057,  82.794,  10.749, 205.487,  57.080, 41,  0,   1.604,  28.789,   7.997,   2.591,  62.083,  17.245, 107.000, 107.000, 163.000,   0.000,   0.000,  413,   1.691
09:53:42:503, 345330075776024,   18.267,   12.000,  800,   6.792, 298.769,  82.991,   3.440, 205.847,  57.180, 41,  0,   1.440,  28.940,   8.039,   1.771,  62.269,  17.297, 107.000, 107.000, 163.000,   0.000,   0.000,  282,  60.795
09:53:42:624, 345330399938376,   18.392,   14.000, 3600,  11.214, 300.171,  83.381,   7.408, 206.774,  57.437, 51,  0,   1.388,  29.113,   8.087,   2.305,  62.557,  17.377, 107.000, 107.000, 163.000,   0.000,   0.000,  438,  56.961
09:53:42:745, 345330711418906,   18.512,   14.000, 3200,  16.390, 302.141,  83.928,  12.691, 208.299,  57.861, 53,  0,   1.461,  29.289,   8.136,   2.141,  62.814,  17.448, 107.000, 107.000, 163.000,   0.000,   0.000,  358,  62.245
09:53:42:848, 345330984486590,   18.618,   14.000, 3600,  17.550, 303.990,  84.442,  13.511, 209.722,  58.256, 53,  0,   1.571,  29.454,   8.182,   2.261,  63.052,  17.515, 107.000, 107.000, 163.000,   0.000,   0.000,  350,  69.314
09:53:42:945, 345331233816426,   18.714,   12.000, 3400,  17.480, 305.671,  84.909,  13.186, 210.990,  58.608, 48,  0,   1.575,  29.606,   8.224,   2.651,  63.307,  17.585, 107.000, 107.000, 163.000,   0.000,   0.000,  418,  76.414
09:53:43:057, 345331510600104,   18.821,   11.000, 2700,  15.022, 307.275,  85.354,  10.864, 212.150,  58.931, 42,  0,   1.439,  29.760,   8.267,   2.549,  63.580,  17.661, 107.000, 107.000, 163.000,   0.000,   0.000,  419,  67.695
09:53:43:160, 345331779045128,   18.924,   13.000, 2600,  14.978, 308.826,  85.785,  11.564, 213.348,  59.263, 44,  0,   1.443,  29.909,   8.308,   1.849,  63.771,  17.714, 107.000, 107.000, 163.000,   0.000,   0.000,  280,  63.074
09:53:43:273, 345332071019724,   19.037,   10.000, 2600,  13.544, 310.352,  86.209,   9.820, 214.454,  59.571, 42,  0,   1.443,  30.071,   8.353,   2.094,  64.007,  17.780, 107.000, 107.000, 163.000,   0.000,   0.000,  359,  57.143
09:53:43:373, 345332330507562,   19.137,   13.000, 2600,  15.323, 311.886,  86.635,  11.268, 215.582,  59.884, 48,  0,   1.427,  30.214,   8.393,   2.478,  64.255,  17.849, 107.000, 107.000, 163.000,   0.000,   0.000,  420,  60.257
09:53:43:487, 345332627207804,   19.251,   14.000, 1200,  16.509, 313.776,  87.160,  12.793, 217.047,  60.291, 44,  0,   1.545,  30.391,   8.442,   2.092,  64.495,  17.915, 107.000, 107.000, 163.000,   0.000,   0.000,  303,  59.645
09:53:43:599, 345332919069532,   19.364,   13.000, 3200,  11.618, 315.084,  87.523,   8.397, 217.992,  60.553, 54,  0,   1.375,  30.546,   8.485,   1.738,  64.690,  17.970, 107.000, 107.000, 163.000,   0.000,   0.000,  250,  52.343
09:53:43:711, 345333205785252,   19.475,   10.000, 2700,  14.034, 316.636,  87.955,  10.319, 219.134,  60.870, 41,  0,   1.511,  30.713,   8.531,   2.013,  64.913,  18.031, 107.000, 107.000, 163.000,   0.000,   0.000,  310,  58.271
09:53:43:815, 345333476154470,   19.579,   11.000, 2600,  12.456, 317.935,  88.315,   9.102, 220.083,  61.134, 41,  0,   1.400,  30.859,   8.572,   1.795,  65.100,  18.083, 107.000, 107.000, 163.000,   0.000,   0.000,  278,  55.256
09:53:43:919, 345333744660063,   19.683,   11.000, 2700,  12.709, 319.252,  88.681,   9.187, 221.035,  61.399, 42,  0,   1.494,  31.014,   8.615,   1.885,  65.296,  18.138, 107.000, 107.000, 163.000,   0.000,   0.000,  307,  54.693
09:53:44:031, 345334035828379,   19.795,   10.000, 2700,  12.397, 320.645,  89.068,   9.008, 222.047,  61.680, 42,  0,   1.463,  31.178,   8.661,   1.806,  65.498,  18.194, 107.000, 107.000, 163.000,   0.000,   0.000,  284,  50.687
09:53:44:136, 345334309336381,   19.900,   12.000, 2800,  12.716, 321.986,  89.441,   8.752, 222.970,  61.936, 42,  0,   1.480,  31.334,   8.704,   2.394,  65.751,  18.264, 107.000, 107.000, 163.000,   0.000,   0.000,  425,  54.937
09:53:44:257, 345334621118720,   20.021,   17.000, 2600,  13.882, 323.656,  89.904,  10.052, 224.179,  62.272, 43,  0,   1.481,  31.512,   8.753,   2.199,  66.016,  18.338, 107.000, 107.000, 163.000,   0.000,   0.000,  401,  51.529
09:53:44:362, 345334902283802,   20.129,   21.000, 2700,  17.802, 325.587,  90.441,  14.337, 225.735,  62.704, 51,  0,   1.466,  31.672,   8.798,   1.847,  66.216,  18.393, 107.000, 107.000, 163.000,   0.000,   0.000,  270,  55.406
09:53:44:467, 345335167137350,   20.231,   12.000, 2600,  15.805, 327.202,  90.890,  11.884, 226.949,  63.041, 42,  0,   1.520,  31.827,   8.841,   2.227,  66.443,  18.457, 107.000, 107.000, 163.000,   0.000,   0.000,  404,  44.178
09:53:44:583, 345335466901182,   20.347,   12.000, 2600,  16.572, 329.119,  91.422,  12.362, 228.379,  63.438, 43,  0,   1.509,  32.001,   8.889,   2.525,  66.736,  18.538, 107.000, 107.000, 163.000,   0.000,   0.000,  405,  42.760
09:53:44:688, 345335739569409,   20.452,   11.000, 2800,  16.746, 330.880,  91.911,  12.933, 229.739,  63.816, 49,  0,   1.626,  32.172,   8.937,   2.173,  66.964,  18.601, 107.000, 107.000, 163.000,   0.000,   0.000,  304,  48.390
09:53:44:800, 345336028778010,   20.564,   14.000, 2000,  13.044, 332.336,  92.316,   8.862, 230.728,  64.091, 42,  0,   1.509,  32.341,   8.984,   2.485,  67.241,  18.678, 107.000, 107.000, 163.000,   0.000,   0.000,  424,  44.518
09:53:44:913, 345336323297909,   20.677,   11.000, 2600,  14.729, 334.009,  92.780,  10.637, 231.937,  64.427, 47,  0,   1.656,  32.529,   9.036,   2.411,  67.515,  18.754, 107.000, 107.000, 163.000,   0.000,   0.000,  424,  52.838
09:53:45:025, 345336612708878,   20.789,   13.000, 2700,  15.846, 335.779,  93.272,  12.078, 233.285,  64.801, 45,  0,   1.529,  32.700,   9.083,   2.121,  67.752,  18.820, 107.000, 107.000, 163.000,   0.000,   0.000,  302,  57.769
09:53:45:129, 345336881971016,   20.893,   12.000, 2600,  13.572, 337.189,  93.664,   9.845, 234.308,  65.086, 43,  0,   1.455,  32.851,   9.125,   2.133,  67.974,  18.882, 107.000, 107.000, 163.000,   0.000,   0.000,  363,  57.774
09:53:45:241, 345337172095202,   21.005,   11.000, 2600,  16.026, 338.982,  94.162,  11.985, 235.649,  65.458, 44,  0,   1.479,  33.016,   9.171,   2.430,  68.246,  18.957, 107.000, 107.000, 163.000,   0.000,   0.000,  410,  51.941
09:53:45:352, 345337460791491,   21.116,   13.000, 2600,  15.340, 340.691,  94.636,  11.826, 236.966,  65.824, 45,  0,   1.421,  33.175,   9.215,   1.944,  68.462,  19.017, 107.000, 107.000, 163.000,   0.000,   0.000,  279,  48.553
09:53:45:462, 345337744828968,   21.226,   11.000, 2800,  13.471, 342.167,  95.046,   9.619, 238.021,  66.117, 42,  0,   1.490,  33.338,   9.261,   2.203,  68.704,  19.084, 107.000, 107.000, 163.000,   0.000,   0.000,  373,  52.980
09:53:45:575, 345338037320694,   21.339,   11.000, 2700,  13.653, 343.708,  95.474,   9.718, 239.117,  66.421, 44,  0,   1.467,  33.503,   9.307,   2.339,  68.968,  19.158, 107.000, 107.000, 163.000,   0.000,   0.000,  431,  50.518
09:53:45:694, 345338347952569,   21.458,   11.000, 2600,  14.757, 345.477,  95.966,  11.032, 240.439,  66.789, 42,  0,   1.532,  33.687,   9.358,   2.107,  69.220,  19.228, 107.000, 107.000, 163.000,   0.000,   0.000,  316,  60.693
09:53:45:807, 345338640338836,   21.571,   12.000, 2600,  12.429, 346.879,  96.355,   8.947, 241.448,  67.069, 42,  0,   1.437,  33.849,   9.403,   1.900,  69.435,  19.287, 107.000, 107.000, 163.000,   0.000,   0.000,  288,  65.408
09:53:45:918, 345338928426296,   21.682,   10.000, 2600,  14.822, 348.526,  96.813,  11.244, 242.698,  67.416, 44,  0,   1.528,  34.019,   9.450,   1.934,  69.650,  19.347, 107.000, 107.000, 163.000,   0.000,   0.000,  277,  65.277
09:53:46:038, 345339239101472,   21.802,   14.000,  900,  13.793, 350.179,  97.272,  10.269, 243.929,  67.758, 42,  0,   1.464,  34.194,   9.498,   1.911,  69.879,  19.411, 107.000, 107.000, 163.000,   0.000,   0.000,  267,  50.401
09:53:46:200, 345339674352164,   21.970,   12.000, 3600,  13.879, 352.510,  97.919,  10.662, 245.719,  68.255, 51,  0,   1.398,  34.429,   9.564,   1.723,  70.168,  19.491, 107.000, 107.000, 163.000,   0.000,   0.000,  294,  67.743
09:53:46:313, 345339955497190,   22.079,    9.000, 3600,  16.678, 354.319,  98.422,  13.064, 247.136,  68.649, 52,  0,   1.482,  34.590,   9.608,   1.912,  70.375,  19.549, 107.000, 107.000, 163.000,   0.000,   0.000,  275,  17.469
09:53:46:385, 345340136682170,   22.149,    5.000, 2600,  10.603, 355.060,  98.628,   6.556, 247.595,  68.776, 41,  0,   1.508,  34.695,   9.638,   2.419,  70.544,  19.596, 107.000, 107.000, 163.000,   0.000,   0.000,  421,   1.450
09:53:46:496, 345340426916933,   22.261,   13.000,  900,   5.897, 355.720,  98.811,   2.668, 247.893,  68.859, 41,  0,   1.406,  34.853,   9.681,   1.666,  70.731,  19.647, 107.000, 107.000, 163.000,   0.000,   0.000,  251,  47.377
09:53:46:657, 345340859937302,   22.428,   11.000, 3600,  12.997, 357.892,  99.414,   9.616, 249.500,  69.305, 54,  0,   1.353,  35.079,   9.744,   1.839,  71.038,  19.733, 107.000, 107.000, 163.000,   0.000,   0.000,  321,  25.124
09:53:46:721, 345341008133002,   22.485,    8.000, 2900,  15.940, 358.803,  99.667,  11.830, 250.176,  69.493, 43,  0,   1.767,  35.180,   9.772,   2.387,  71.174,  19.771, 107.000, 107.000, 163.000,   0.000,   0.000,  326,   1.846
09:53:46:824, 345341276961899,   22.589,   13.000,  900,   8.131, 359.646,  99.902,   4.545, 250.648,  69.624, 41,  0,   1.448,  35.330,   9.814,   1.961,  71.378,  19.827, 107.000, 107.000, 163.000,   0.000,   0.000,  344,  69.651
09:53:46:939, 345341573697564,   22.703,   12.000, 2600,  12.841, 361.116, 100.310,   8.853, 251.661,  69.906, 50,  0,   1.438,  35.495,   9.860,   2.431,  71.656,  19.904, 107.000, 107.000, 163.000,   0.000,   0.000,  431,  62.774
09:53:47:060, 345341886988600,   22.824,   11.000, 2700,  15.516, 362.992, 100.831,  12.117, 253.126,  70.313, 48,  0,   1.441,  35.669,   9.908,   1.801,  71.874,  19.965, 107.000, 107.000, 163.000,   0.000,   0.000,  280,  64.226
09:53:47:172, 345342178795108,   22.936,   11.000, 2600,  15.510, 364.738, 101.316,  11.373, 254.406,  70.668, 43,  0,   1.457,  35.833,   9.954,   2.571,  72.163,  20.045, 107.000, 107.000, 163.000,   0.000,   0.000,  397,  64.889
09:53:47:285, 345342473565116,   23.050,   12.000, 2900,  16.379, 366.600, 101.833,  12.585, 255.837,  71.066, 53,  0,   1.458,  35.999,  10.000,   2.250,  72.419,  20.116, 107.000, 107.000, 163.000,   0.000,   0.000,  360,  64.283
09:53:47:402, 345342785991210,   23.171,   12.000, 3600,  16.041, 368.534, 102.371,  12.491, 257.343,  71.484, 54,  0,   1.434,  36.172,  10.048,   1.870,  72.645,  20.179, 107.000, 107.000, 163.000,   0.000,   0.000,  322,  77.271
09:53:47:499, 345343024948269,   23.263,   13.000, 2600,  16.822, 370.085, 102.801,  12.408, 258.487,  71.802, 47,  0,   1.538,  36.313,  10.087,   2.744,  72.898,  20.249, 107.000, 107.000, 163.000,   0.000,   0.000,  342,  65.511
09:53:47:619, 345343337029658,   23.383,   11.000, 2900,  15.488, 371.950, 103.319,  11.443, 259.864,  72.185, 41,  0,   1.414,  36.484,  10.134,   2.476,  73.196,  20.332, 107.000, 107.000, 163.000,   0.000,   0.000,  413,  63.710
09:53:47:734, 345343636174796,   23.499,   15.000, 3100,  16.990, 373.910, 103.864,  12.928, 261.356,  72.599, 50,  0,   1.472,  36.653,  10.181,   2.453,  73.479,  20.411, 107.000, 107.000, 163.000,   0.000,   0.000,  414,  63.387
09:53:47:845, 345343940223722,   23.616,   11.000, 3200,  17.891, 376.009, 104.447,  14.226, 263.025,  73.063, 50,  0,   1.597,  36.841,  10.234,   2.038,  73.718,  20.477, 107.000, 107.000, 163.000,   0.000,   0.000,  291,  68.089
09:53:47:942, 345344175923324,   23.707,   16.000, 3600,  16.308, 377.492, 104.859,  11.953, 264.112,  73.364, 53,  0,   1.463,  36.974,  10.270,   2.705,  73.964,  20.546, 107.000, 107.000, 163.000,   0.000,   0.000,  421,   1.398
09:53:48:054, 345344463010696,   23.818,   13.000,  900,  10.394, 378.643, 105.179,   6.395, 264.820,  73.561, 41,  0,   1.492,  37.139,  10.316,   2.345,  74.224,  20.618, 107.000, 107.000, 163.000,   0.000,   0.000,  432,  61.057
09:53:48:199, 345344841732774,   23.964,   12.000, 2800,  13.788, 380.658, 105.738,  10.277, 266.322,  73.978, 50,  0,   1.412,  37.345,  10.374,   1.967,  74.511,  20.697, 107.000, 107.000, 163.000,   0.000,   0.000,  311,  66.915
09:53:48:301, 345345108302870,   24.067,   11.000, 3400,  17.139, 382.421, 106.228,  12.955, 267.654,  74.348, 47,  0,   1.505,  37.500,  10.417,   2.534,  74.772,  20.770, 107.000, 107.000, 163.000,   0.000,   0.000,  420,  10.469
09:53:48:375, 345345294719894,   24.139,    9.000, 2600,  12.825, 383.343, 106.484,   8.465, 268.263,  74.518, 43,  0,   1.529,  37.610,  10.447,   2.701,  74.966,  20.824, 107.000, 107.000, 163.000,   0.000,   0.000,  438,   1.075
09:53:48:491, 345345595882491,   24.255,   14.000,  900,   6.615, 384.111, 106.698,   3.139, 268.628,  74.619, 41,  0,   1.395,  37.772,  10.492,   1.935,  75.191,  20.886, 107.000, 107.000, 163.000,   0.000,   0.000,  326,  46.903
09:53:48:665, 345346067366204,   24.437,   13.000, 3600,  14.292, 386.711, 107.420,  10.986, 270.626,  75.174, 54,  0,   1.357,  38.019,  10.561,   1.761,  75.511,  20.975, 107.000, 107.000, 163.000,   0.000,   0.000,  298,  70.359
09:53:48:794, 345346387357280,   24.560,   19.000, 3600,  16.406, 388.736, 107.982,  12.279, 272.142,  75.595, 52,  0,   1.630,  38.220,  10.617,   2.445,  75.813,  21.059, 107.000, 107.000, 163.000,   0.000,   0.000,  347,  47.072
09:53:48:859, 345346561048422,   24.627,   12.000, 2900,  18.393, 389.969, 108.325,  15.326, 273.169,  75.880, 46,  0,   1.666,  38.332,  10.648,   1.366,  75.904,  21.085, 107.000, 107.000, 163.000,   0.000,   0.000,  214,  24.023
09:53:48:921, 345346710351906,   24.685,    4.000, 2700,  11.504, 390.632, 108.509,   6.958, 273.570,  75.992, 42,  0,   1.664,  38.428,  10.674,   2.727,  76.062,  21.128, 107.000, 107.000, 163.000,   0.000,   0.000,  436,   1.097
09:53:49:041, 345347022207197,   24.805,   13.000,  900,   6.816, 391.452, 108.737,   3.070, 273.939,  76.094, 41,  0,   1.415,  38.598,  10.722,   2.174,  76.323,  21.201, 107.000, 107.000, 163.000,   0.000,   0.000,  445,  57.926
09:53:49:199, 345347444813724,   24.968,   12.000, 3500,  13.832, 393.707, 109.363,  10.290, 275.617,  76.560, 49,  0,   1.391,  38.825,  10.785,   2.023,  76.653,  21.293, 107.000, 107.000, 163.000,   0.000,   0.000,  343,  56.292
09:53:49:343, 345347809693906,   25.109,   12.000, 3600,  17.151, 396.121, 110.034,  12.757, 277.413,  77.059, 54,  0,   1.459,  39.030,  10.842,   2.738,  77.039,  21.400, 107.000, 107.000, 163.000,   0.000,   0.000,  416,  36.717
09:53:49:433, 345348045491122,   25.200,   16.000, 3600,  16.581, 397.630, 110.453,  12.491, 278.549,  77.375, 49,  0,   1.393,  39.157,  10.877,   2.529,  77.269,  21.463, 107.000, 107.000, 163.000,   0.000,   0.000,  416,  35.487
09:53:49:512, 345348244515756,   25.277,   12.000, 3000,  18.244, 399.031, 110.842,  14.413, 279.656,  77.682, 49,  0,   1.755,  39.292,  10.914,   2.009,  77.423,  21.506, 107.000, 107.000, 163.000,   0.000,   0.000,  287,  15.189
09:53:49:581, 345348422875601,   25.345,    5.000, 2600,  10.692, 399.766, 111.046,   6.416, 280.097,  77.805, 41,  0,   1.577,  39.400,  10.945,   2.629,  77.604,  21.557, 107.000, 107.000, 163.000,   0.000,   0.000,  410,   1.100
09:53:49:687, 345348697665645,   25.451,   14.000, 1400,   6.337, 400.438, 111.233,   2.862, 280.401,  77.889, 41,  0,   1.309,  39.539,  10.983,   1.989,  77.815,  21.615, 107.000, 107.000, 163.000,   0.000,   0.000,  393,  57.138
09:53:49:814, 345349037464550,   25.583,   15.000, 3200,  12.874, 402.126, 111.702,   8.911, 281.569,  78.214, 52,  0,   1.523,  39.739,  11.039,   2.289,  78.115,  21.699, 107.000, 107.000, 163.000,   0.000,   0.000,  434,  59.729
09:53:49:942, 345349365149886,   25.709,   13.000, 3500,  16.972, 404.271, 112.298,  13.545, 283.281,  78.689, 49,  0,   1.459,  39.923,  11.090,   1.909,  78.356,  21.766, 107.000, 107.000, 163.000,   0.000,   0.000,  287,  56.862
09:53:50:055, 345349665967252,   25.825,   13.000, 3400,  17.390, 406.290, 112.858,  13.215, 284.815,  79.115, 50,  0,   1.447,  40.091,  11.136,   2.539,  78.651,  21.847, 107.000, 107.000, 163.000,   0.000,   0.000,  416,  64.460
09:53:50:174, 345349964639752,   25.940,   14.000, 3600,  16.536, 408.195, 113.388,  12.900, 286.301,  79.528, 53,  0,   1.466,  40.260,  11.183,   2.093,  78.892,  21.914, 107.000, 107.000, 163.000,   0.000,   0.000,  366,  73.170
09:53:50:271, 345350212859056,   26.036,   14.000, 3600,  16.473, 409.773, 113.826,  12.514, 287.500,  79.861, 54,  0,   1.572,  40.410,  11.225,   2.212,  79.104,  21.973, 107.000, 107.000, 163.000,   0.000,   0.000,  306,  65.948
09:53:50:353, 345350429714546,   26.120,   15.000, 3600,  17.229, 411.214, 114.226,  12.772, 288.568,  80.158, 52,  0,   1.526,  40.538,  11.261,   2.734,  79.332,  22.037, 107.000, 107.000, 163.000,   0.000,   0.000,  426,  73.661
09:53:50:449, 345350672627494,   26.213,   12.000, 1200,  16.985, 412.806, 114.668,  12.976, 289.784,  80.496, 45,  0,   1.389,  40.668,  11.297,   2.449,  79.562,  22.101, 107.000, 107.000, 163.000,   0.000,   0.000,  413,  53.802
09:53:50:569, 345350981951264,   26.333,   16.000, 2600,  12.764, 414.329, 115.091,   9.119, 290.872,  80.798, 47,  0,   1.489,  40.846,  11.346,   2.001,  79.801,  22.167, 107.000, 107.000, 163.000,   0.000,   0.000,  294,  49.401
09:53:50:684, 345351279915320,   26.448,   11.000, 2700,  14.431, 415.988, 115.552,  10.873, 292.122,  81.145, 42,  0,   1.568,  41.026,  11.396,   1.914,  80.021,  22.228, 107.000, 107.000, 163.000,   0.000,   0.000,  306,  57.049
09:53:50:804, 345351591807779,   26.568,   12.000, 2700,  11.681, 417.393, 115.943,   8.280, 293.119,  81.422, 41,  0,   1.455,  41.201,  11.445,   1.814,  80.239,  22.289, 107.000, 107.000, 163.000,   0.000,   0.000,  289,  58.882
09:53:50:908, 345351862334040,   26.672,   12.000, 2600,  14.581, 418.915, 116.365,  11.033, 294.270,  81.742, 45,  0,   1.557,  41.364,  11.490,   1.902,  80.438,  22.344, 107.000, 107.000, 163.000,   0.000,   0.000,  280,  62.501
09:53:51:012, 345352131769754,   26.776,   13.000, 2700,  15.057, 420.480, 116.800,  11.656, 295.482,  82.078, 43,  0,   1.440,  41.514,  11.532,   1.837,  80.628,  22.397, 107.000, 107.000, 163.000,   0.000,   0.000,  275,  55.011
09:53:51:133, 345352443887353,   26.897,    9.000, 2600,  12.272, 421.958, 117.211,   8.821, 296.544,  82.373, 42,  0,   1.497,  41.694,  11.582,   1.784,  80.843,  22.456, 107.000, 107.000, 163.000,   0.000,   0.000,  298,  55.412
09:53:51:244, 345352732988274,   27.008,   11.000, 2600,  12.797, 423.386, 117.607,   9.366, 297.589,  82.663, 43,  0,   1.415,  41.852,  11.625,   1.885,  81.053,  22.515, 107.000, 107.000, 163.000,   0.000,   0.000,  284,  58.250
09:53:51:355, 345353020668740,   27.119,   12.000,  900,  12.525, 424.776, 117.993,   8.921, 298.579,  82.939, 42,  0,   1.504,  42.019,  11.672,   1.975,  81.273,  22.576, 107.000, 107.000, 163.000,   0.000,   0.000,  301,  56.297
09:53:51:495, 345353395959514,   27.264,   12.000, 3600,  13.307, 426.702, 118.528,  10.111, 300.043,  83.345, 55,  0,   1.381,  42.219,  11.727,   1.661,  81.513,  22.643, 107.000, 107.000, 163.000,   0.000,   0.000,  286,  66.042
09:53:51:591, 345353632049771,   27.355,   13.000, 2700,  15.153, 428.083, 118.912,  11.155, 301.059,  83.627, 46,  0,   1.547,  42.359,  11.767,   2.280,  81.721,  22.700, 107.000, 107.000, 163.000,   0.000,   0.000,  334,  76.682
09:53:51:713, 345353949199564,   27.477,   10.000, 2700,  12.266, 429.583, 119.329,   8.914, 302.149,  83.930, 42,  0,   1.425,  42.534,  11.815,   1.775,  81.938,  22.761, 107.000, 107.000, 163.000,   0.000,   0.000,  251,  56.842
09:53:51:817, 345354216444476,   27.581,   12.000, 2700,  14.395, 431.068, 119.741,  10.693, 303.252,  84.237, 49,  0,   1.490,  42.687,  11.858,   2.102,  82.155,  22.821, 107.000, 107.000, 163.000,   0.000,   0.000,  305,  69.914
09:53:51:929, 345354507562085,   27.693,   10.000, 2800,  14.298, 432.673, 120.187,  10.702, 304.454,  84.571, 42,  0,   1.431,  42.848,  11.902,   2.013,  82.381,  22.884, 107.000, 107.000, 163.000,   0.000,   0.000,  304,  71.097
09:53:52:041, 345354797543443,   27.805,   13.000, 2700,  15.164, 434.370, 120.658,  11.599, 305.752,  84.931, 44,  0,   1.466,  43.012,  11.948,   1.963,  82.600,  22.945, 107.000, 107.000, 163.000,   0.000,   0.000,  285,  65.605
09:53:52:145, 345355066953278,   27.909,   11.000, 2600,  16.080, 436.041, 121.123,  12.091, 307.008,  85.280, 44,  0,   1.509,  43.169,  11.991,   2.358,  82.845,  23.013, 107.000, 107.000, 163.000,   0.000,   0.000,  342,  69.518
09:53:52:249, 345355336559400,   28.013,   11.000, 2600,  15.434, 437.647, 121.569,  11.312, 308.185,  85.607, 46,  0,   1.489,  43.324,  12.034,   2.505,  83.106,  23.085, 107.000, 107.000, 163.000,   0.000,   0.000,  422,  69.616
09:53:52:361, 345355627584599,   28.125,   12.000, 1200,  15.926, 439.435, 122.065,  11.954, 309.527,  85.980, 47,  0,   1.437,  43.485,  12.079,   2.379,  83.373,  23.159, 107.000, 107.000, 163.000,   0.000,   0.000,  358,  62.358
09:53:52:489, 345355971267628,   28.258,   15.000, 2600,  14.789, 441.396, 122.610,  11.187, 311.010,  86.392, 56,  0,   1.363,  43.666,  12.129,   2.067,  83.647,  23.235, 107.000, 107.000, 163.000,   0.000,   0.000,  342,  59.109
09:53:52:601, 345356261466804,   28.370,   13.000, 3600,  17.131, 443.314, 123.143,  12.912, 312.456,  86.793, 53,  0,   1.516,  43.836,  12.177,   2.569,  83.935,  23.315, 107.000, 107.000, 163.000,   0.000,   0.000,  421,  65.028
09:53:52:721, 345356560447938,   28.485,   12.000, 2900,  16.536, 445.221, 123.673,  12.961, 313.951,  87.209, 52,  0,   1.456,  44.004,  12.223,   2.039,  84.170,  23.381, 107.000, 107.000, 163.000,   0.000,   0.000,  295,  64.809
09:53:52:808, 345356799161446,   28.577,   15.000, 3600,  16.972, 446.784, 124.107,  12.593, 315.111,  87.531, 51,  0,   1.584,  44.150,  12.264,   2.671,  84.416,  23.449, 107.000, 107.000, 163.000,   0.000,   0.000,  415,  78.977
09:53:52:913, 345357061211636,   28.678,   13.000, 3200,  18.092, 448.613, 124.615,  13.816, 316.508,  87.919, 54,  0,   1.635,  44.315,  12.310,   2.616,  84.681,  23.522, 107.000, 107.000, 163.000,   0.000,   0.000,  415,  73.211
09:53:53:024, 345357347356802,   28.789,   11.000, 2000,  15.537, 450.328, 125.091,  11.349, 317.761,  88.267, 43,  0,   1.469,  44.477,  12.355,   2.458,  84.952,  23.598, 107.000, 107.000, 163.000,   0.000,   0.000,  392,  66.656
09:53:53:129, 345357625000984,   28.896,   14.000, 3600,  16.162, 452.060, 125.572,  12.392, 319.088,  88.636, 55,  0,   1.520,  44.640,  12.400,   2.149,  85.182,  23.662, 107.000, 107.000, 163.000,   0.000,   0.000,  319,  74.599
09:53:53:242, 345357910196134,   29.006,   19.000, 2600,  17.491, 453.984, 126.107,  13.387, 320.561,  89.045, 49,  0,   1.524,  44.808,  12.447,   2.437,  85.450,  23.736, 107.000, 107.000, 163.000,   0.000,   0.000,  362,  68.018
09:53:53:353, 345358204567136,   29.119,   24.000, 3400,  19.956, 456.251, 126.736,  15.918, 322.369,  89.547, 52,  0,   1.699,  45.000,  12.500,   2.358,  85.718,  23.811, 107.000, 107.000, 163.000,   0.000,   0.000,  413,  62.840
09:53:53:501, 345358597748857,   29.271,   15.000, 2600,  19.365, 459.188, 127.552,  15.440, 324.711,  90.197, 46,  0,   1.775,  45.270,  12.575,   2.040,  86.028,  23.897, 107.000, 107.000, 163.000,   0.000,   0.000,  379,  62.231
09:53:53:670, 345359027756338,   29.437,   15.000, 3500,  16.809, 461.977, 128.327,  12.436, 326.774,  90.771, 52,  0,   1.634,  45.541,  12.650,   2.673,  86.471,  24.020, 107.000, 107.000, 163.000,   0.000,   0.000,  421,  71.397
09:53:53:862, 345359522812112,   29.628,   13.000, 3600,  16.720, 465.170, 129.214,  12.665, 329.193,  91.442, 52,  0,   1.572,  45.841,  12.734,   2.349,  86.920,  24.144, 107.000, 107.000, 163.000,   0.000,   0.000,  410,  54.692

Total Elapsed Time (sec) = 29.627795
Measured RDTSC Frequency (GHz) = 2.592

Cumulative Processor Energy_0 (Joules) = 465.170166
Cumulative Processor Energy_0 (mWh) = 129.213935
Average Processor Power_0 (Watt) = 15.700465

Cumulative IA Energy_0 (Joules) = 329.192993
Cumulative IA Energy_0 (mWh) = 91.442498
Average IA Power_0 (Watt) = 11.110952

Cumulative DRAM Energy_0 (Joules) = 45.840942
Cumulative DRAM Energy_0 (mWh) = 12.733595
Average DRAM Power_0 (Watt) = 1.547228

Cumulative GT Energy_0 (Joules) = 86.919800
Cumulative GT Energy_0 (mWh) = 24.144389
Average GT Power_0 (Watt) = 2.933725
